urls,num_vids
https://www.tiktok.com/music/Shape-of-You-6705004477235070977,159.2K videos
https://www.tiktok.com/music/original-sound-7239810910641392385,23 videos
https://www.tiktok.com/music/Shape-of-You-6512600882411113224,11K videos
https://www.tiktok.com/music/original-sound-7084564850978245403,28.3K videos
https://www.tiktok.com/music/original-sound-6890699299341077250,4331 videos
https://www.tiktok.com/music/original-sound-7211562342182095621,200 videos
https://www.tiktok.com/music/Shape-of-You-Ragtime-Remix-7069973379251571502,62.3K videos
https://www.tiktok.com/music/sonido-original-7140690191911586565,1793 videos
https://www.tiktok.com/music/origineel-geluid-7204020341121764101,5947 videos
https://www.tiktok.com/music/Shape-of-You-6373163214225541890,1.1M videos
https://www.tiktok.com/music/Leo-making-sounds-even-more-confusing-7135771802701892357,1 videos
https://www.tiktok.com/music/original-sound-singsong-7188398766670564122,264 videos
https://www.tiktok.com/music/ã‚ªãƒªã‚¸ãƒŠãƒ«æ¥½æ›²-ã‚­ãƒ£ãƒ¡-7182887386806815490,315 videos
https://www.tiktok.com/music/original-sound-7241189795095808774,95 videos
https://www.tiktok.com/music/Shape-of-You-feat-Zion-Lennox-222450140979245056,99.5K videos
https://www.tiktok.com/music/original-sound-7166828283059768069,2 videos
https://www.tiktok.com/music/Ğ¾Ñ€Ğ¸Ğ³Ğ¸Ğ½Ğ°Ğ»ÑŒĞ½Ñ‹Ğ¹-Ğ·Ğ²ÑƒĞº-7167327224818584325,2 videos
https://www.tiktok.com/music/original-sound-6839418729533688581,12 videos
https://www.tiktok.com/music/original-sound-6985126867833555738,80 videos
https://www.tiktok.com/music/orijinal-ses-7089106237240969985,1 videos
https://www.tiktok.com/music/suara-asli-L-o-f-iC-h-i-l-l-7191498105329175323,6 videos
https://www.tiktok.com/music/original-sound-7146177088586844934,5 videos
https://www.tiktok.com/music/Shape-of-You-Stormzy-Remix-249493252230422528,15.7K videos
https://www.tiktok.com/music/original-sound-6874975760336128769,17 videos
https://www.tiktok.com/music/ã‚ªãƒªã‚¸ãƒŠãƒ«æ¥½æ›²-æ´‹æ¥½å¥½ããƒãƒ³-7248530450954734337,1 videos
https://www.tiktok.com/music/Ğ¾Ñ€Ğ¸Ğ³Ğ¸Ğ½Ğ°Ğ»ÑŒĞ½Ñ‹Ğ¹-Ğ·Ğ²ÑƒĞº-7194200945109355269,53.3K videos
https://www.tiktok.com/music/sonido-original-7139710641334029062,19 videos
https://www.tiktok.com/music/shape-of-you-7158361782762572549,14.1K videos
https://www.tiktok.com/music/ã‚ªãƒªã‚¸ãƒŠãƒ«æ¥½æ›²-â˜†-è¯éŸ³-â˜†-7170966834324261634,1 videos
https://www.tiktok.com/music/son-original-David-Neyrolles-7190780248781556486,1 videos
https://www.tiktok.com/music/original-sound-7199304694546582277,30 videos
https://www.tiktok.com/music/Love-You-So-6728562975734515713,34M videos
https://www.tiktok.com/music/ã‚ªãƒªã‚¸ãƒŠãƒ«æ¥½æ›²-ã‚ã£ã¡-7133277771379280642,1 videos
https://www.tiktok.com/music/ã‚ªãƒªã‚¸ãƒŠãƒ«æ¥½æ›²-Mehri-ãƒ¡ãƒ˜ãƒªãƒ¼-7133039868208286465,1 videos
https://www.tiktok.com/music/Ğ¾Ñ€Ğ¸Ğ³Ñ–Ğ½Ğ°Ğ»ÑŒĞ½Ğ¸Ğ¹-Ğ·Ğ²ÑƒĞº-7188446734098795269,2 videos
https://www.tiktok.com/music/ã‚ªãƒªã‚¸ãƒŠãƒ«æ¥½æ›²-ã‚­ãƒ£ãƒ¡-7189561446093556482,53 videos
https://www.tiktok.com/music/sonido-original-7121131693242731269,2 videos
https://www.tiktok.com/music/sonido-original-7189315689743256325,27 videos
https://www.tiktok.com/music/dÅºwiÄ™k-oryginalny-7136089235198610181,2 videos
https://www.tiktok.com/music/marvin-gaye-7078900110415317787,273.3K videos
https://www.tiktok.com/music/sonido-original-7202440956796472069,1 videos
https://www.tiktok.com/music/son-original-6954854059157588742,96 videos
https://www.tiktok.com/music/sonido-original-7078868061461187334,11 videos
https://www.tiktok.com/music/original-sound-6943817549360532230,210 videos
https://www.tiktok.com/music/origineel-geluid-7121699891084659461,1 videos
https://www.tiktok.com/music/Shape-of-You-6508585471487150861,21.9K videos
https://www.tiktok.com/music/ã‚ªãƒªã‚¸ãƒŠãƒ«æ¥½æ›²-ã‚­ãƒ£ãƒ¡-6976167094761163522,15 videos
https://www.tiktok.com/music/original-sound-7074719873720388394,25 videos
https://www.tiktok.com/music/ã‚ªãƒªã‚¸ãƒŠãƒ«æ¥½æ›²-ğŸ¤-7066023094191704834,29 videos
https://www.tiktok.com/music/original-sound-HiRAPARK-6629619467972250370,3 videos
https://www.tiktok.com/music/original-sound-6933230660123446017,89 videos
https://www.tiktok.com/music/sonido-original-7112079105117522694,6 videos
https://www.tiktok.com/music/original-sound-7126901338193300250,773 videos
https://www.tiktok.com/music/Perfect-6655492047723563778,4.6M videos
https://www.tiktok.com/music/sonido-original-6914192581479893765,6 videos
https://www.tiktok.com/music/original-sound-7102735559974177541,6210 videos
https://www.tiktok.com/music/original-sound-7178953634057636613,63.6K videos
https://www.tiktok.com/music/ã‚ªãƒªã‚¸ãƒŠãƒ«æ¥½æ›²-å®¶æ—ãƒãƒ³ãƒ‰-é¾è“®æ²³-7183818112146737921,1 videos
https://www.tiktok.com/music/som-original-7146335030533966598,1 videos
https://www.tiktok.com/music/ã‚ªãƒªã‚¸ãƒŠãƒ«æ¥½æ›²-ğ—¡ğ—²ğ—»ğ—²-7159872602901678850,1 videos
